{
  "project_info": {
    "project_number": "601677014313",
    "firebase_url": "https://foodchap-eb0a3-default-rtdb.firebaseio.com",
    "project_id": "foodchap-eb0a3",
    "storage_bucket": "foodchap-eb0a3.appspot.com"
  },
  "client": [
    {
      "client_info": {
        "mobilesdk_app_id": "1:601677014313:android:e493cddd3d304dbcb88338",
        "android_client_info": {
          "package_name": "com.example.foodchap"
        }
      },
      "oauth_client": [
        {
          "client_id": "601677014313-6jcd0uvrori26lcrffo9rp7jsd2j959m.apps.googleusercontent.com",
          "client_type": 3
        }
      ],
      "api_key": [
        {
          "current_key": "AIzaSyDhLYJYDAa7dQTr0s3_Q5NxlqDuI8uethg"
        }
      ],
      "services": {
        "appinvite_service": {
          "other_platform_oauth_client": [
            {
              "client_id": "601677014313-6jcd0uvrori26lcrffo9rp7jsd2j959m.apps.googleusercontent.com",
              "client_type": 3
            }
          ]
        }
      }
    }
  ],
  "configuration_version": "1"
}